junction_length	tpos	cond_pos	cond_all	cond_neg	test_pos	fpos	norm_mini	anc_num	cdr3_length	radius	sample
36	1478	1518	1530375	1528857	1553	75	0.6	16	36	0.01	M2-1
36	1477	1518	1530375	1528857	1551	74	0.6	16	36	0.05	M2-1
36	1493	1518	1530375	1528857	1567	74	0.6	16	36	0.1	M2-1
36	1468	1518	1530375	1528857	1543	75	0.6	16	36	0.5	M2-1
36	1414	1518	1530375	1528857	1478	64	0.8	2	36	0.01	M2-1
36	1409	1518	1530375	1528857	1480	71	0.8	2	36	0.05	M2-1
36	1422	1518	1530375	1528857	1509	87	0.8	2	36	0.1	M2-1
36	1382	1518	1530375	1528857	1477	95	0.8	2	36	0.5	M2-1
36	1430	1518	1530375	1528857	1518	88	0.9	2	36	0.01	M2-1
36	35417	38513	3324331	3285818	35448	31	0.9	2	36	0.01	M5-1
36	1423	1518	1530375	1528857	1502	79	0.9	2	36	0.05	M2-1
36	35707	38513	3324331	3285818	35737	30	0.9	2	36	0.05	M5-1
36	1430	1518	1530375	1528857	1518	88	0.9	2	36	0.1	M2-1
36	36915	38513	3324331	3285818	36945	30	0.9	2	36	0.1	M5-1
36	1458	1518	1530375	1528857	1545	87	0.9	2	36	0.5	M2-1
36	36361	38513	3324331	3285818	36382	21	0.9	2	36	0.5	M5-1
36	38144	38513	3324331	3285818	38174	30	0.6	20	36	0.01	M5-1
36	38029	38513	3324331	3285818	38059	30	0.6	20	36	0.05	M5-1
36	38051	38513	3324331	3285818	38081	30	0.6	20	36	0.1	M5-1
36	38392	38513	3324331	3285818	38422	30	0.6	20	36	0.5	M5-1
36	35115	38513	3324331	3285818	35147	32	0.8	3	36	0.01	M5-1
36	33351	38513	3324331	3285818	33379	28	0.8	3	36	0.05	M5-1
36	33737	38513	3324331	3285818	33765	28	0.8	3	36	0.1	M5-1
36	34187	38513	3324331	3285818	34198	11	0.8	3	36	0.5	M5-1
36	36283	38513	3324331	3285818	36315	32	0.5	48	36	0.01	M5-1
36	38175	38513	3324331	3285818	38207	32	0.5	48	36	0.05	M5-1
36	38175	38513	3324331	3285818	38207	32	0.5	48	36	0.1	M5-1
36	38415	38513	3324331	3285818	38445	30	0.5	48	36	0.5	M5-1
36	1321	1518	1530375	1528857	1358	37	0.7	5	36	0.01	M2-1
36	1324	1518	1530375	1528857	1360	36	0.7	5	36	0.05	M2-1
36	1291	1518	1530375	1528857	1340	49	0.7	5	36	0.1	M2-1
36	1311	1518	1530375	1528857	1366	55	0.7	5	36	0.5	M2-1
36	1489	1518	1530375	1528857	1570	81	0.5	50	36	0.01	M2-1
36	1489	1518	1530375	1528857	1570	81	0.5	50	36	0.05	M2-1
36	1489	1518	1530375	1528857	1568	79	0.5	50	36	0.1	M2-1
36	1498	1518	1530375	1528857	1574	76	0.5	50	36	0.5	M2-1
36	34097	38513	3324331	3285818	34122	25	0.7	6	36	0.01	M5-1
36	34554	38513	3324331	3285818	34581	27	0.7	6	36	0.05	M5-1
36	33935	38513	3324331	3285818	33967	32	0.7	6	36	0.1	M5-1
36	33981	38513	3324331	3285818	34009	28	0.7	6	36	0.5	M5-1
39	222117	234607	6813586	6578979	222136	19	0.6	15	39	0.01	M4-1
39	190249	234607	6813586	6578979	190268	19	0.6	15	39	0.05	M4-1
39	208610	234607	6813586	6578979	208629	19	0.6	15	39	0.1	M4-1
39	218354	234607	6813586	6578979	218373	19	0.6	15	39	0.5	M4-1
39	58158	78081	8914753	8836672	58161	3	0.6	18	39	0.01	M5-1
39	73742	78081	8914753	8836672	73745	3	0.6	18	39	0.05	M5-1
39	73892	78081	8914753	8836672	73895	3	0.6	18	39	0.1	M5-1
39	75263	78081	8914753	8836672	75265	2	0.6	18	39	0.5	M5-1
39	13240	13402	4501500	4488098	13310	70	0.6	19	39	0.01	M2-1
39	13243	13402	4501500	4488098	13315	72	0.6	19	39	0.05	M2-1
39	13223	13402	4501500	4488098	13293	70	0.6	19	39	0.1	M2-1
39	13325	13402	4501500	4488098	13394	69	0.6	19	39	0.5	M2-1
39	13229	13402	4501500	4488098	13292	63	0.8	2	39	0.01	M2-1
39	207217	234607	6813586	6578979	207236	19	0.8	2	39	0.01	M4-1
39	69305	78081	8914753	8836672	69308	3	0.8	2	39	0.01	M5-1
39	13216	13402	4501500	4488098	13294	78	0.8	2	39	0.05	M2-1
39	200595	234607	6813586	6578979	200614	19	0.8	2	39	0.05	M4-1
39	70325	78081	8914753	8836672	70328	3	0.8	2	39	0.05	M5-1
39	13275	13402	4501500	4488098	13334	59	0.8	2	39	0.1	M2-1
39	178348	234607	6813586	6578979	178355	7	0.8	2	39	0.1	M4-1
39	65577	78081	8914753	8836672	65580	3	0.8	2	39	0.1	M5-1
39	13274	13402	4501500	4488098	13337	63	0.8	2	39	0.5	M2-1
39	207301	234607	6813586	6578979	207316	15	0.8	2	39	0.5	M4-1
39	70747	78081	8914753	8836672	70750	3	0.8	2	39	0.5	M5-1
39	13085	13402	4501500	4488098	13148	63	0.9	2	39	0.01	M2-1
39	71356	78081	8914753	8836672	71359	3	0.9	2	39	0.01	M5-1
39	11886	13402	4501500	4488098	11942	56	0.9	2	39	0.05	M2-1
39	56613	78081	8914753	8836672	56616	3	0.9	2	39	0.05	M5-1
39	13054	13402	4501500	4488098	13119	65	0.9	2	39	0.1	M2-1
39	70039	78081	8914753	8836672	70042	3	0.9	2	39	0.1	M5-1
39	12244	13402	4501500	4488098	12311	67	0.9	2	39	0.5	M2-1
39	69507	78081	8914753	8836672	69510	3	0.9	2	39	0.5	M5-1
39	12664	13402	4501500	4488098	12699	35	0.7	5	39	0.01	M2-1
39	209258	234607	6813586	6578979	209274	16	0.7	5	39	0.01	M4-1
39	68164	78081	8914753	8836672	68167	3	0.7	5	39	0.01	M5-1
39	12905	13402	4501500	4488098	12948	43	0.7	5	39	0.05	M2-1
39	216548	234607	6813586	6578979	216555	7	0.7	5	39	0.05	M4-1
39	63338	78081	8914753	8836672	63341	3	0.7	5	39	0.05	M5-1
39	11790	13402	4501500	4488098	11825	35	0.7	5	39	0.1	M2-1
39	220907	234607	6813586	6578979	220926	19	0.7	5	39	0.1	M4-1
39	65939	78081	8914753	8836672	65942	3	0.7	5	39	0.1	M5-1
39	12895	13402	4501500	4488098	12933	38	0.7	5	39	0.5	M2-1
39	211494	234607	6813586	6578979	211509	15	0.7	5	39	0.5	M4-1
39	66425	78081	8914753	8836672	66427	2	0.7	5	39	0.5	M5-1
39	112571	234607	6813586	6578979	112590	19	0.5	50	39	0.01	M4-1
39	199962	234607	6813586	6578979	199981	19	0.5	50	39	0.05	M4-1
39	222849	234607	6813586	6578979	222868	19	0.5	50	39	0.1	M4-1
39	222694	234607	6813586	6578979	222713	19	0.5	50	39	0.5	M4-1
39	13331	13402	4501500	4488098	13394	63	0.5	75	39	0.01	M2-1
39	58629	78081	8914753	8836672	58632	3	0.5	75	39	0.01	M5-1
39	13331	13402	4501500	4488098	13396	65	0.5	75	39	0.05	M2-1
39	73594	78081	8914753	8836672	73597	3	0.5	75	39	0.05	M5-1
39	13331	13402	4501500	4488098	13396	65	0.5	75	39	0.1	M2-1
39	73590	78081	8914753	8836672	73593	3	0.5	75	39	0.1	M5-1
39	13363	13402	4501500	4488098	13413	50	0.5	75	39	0.5	M2-1
39	76503	78081	8914753	8836672	76506	3	0.5	75	39	0.5	M5-1
42	62830	74965	8559453	8484488	63968	1138	0.6	17	42	0.01	M4-1
42	73545	74965	8559453	8484488	74682	1137	0.6	17	42	0.05	M4-1
42	63393	74965	8559453	8484488	64531	1138	0.6	17	42	0.1	M4-1
42	70590	74965	8559453	8484488	71727	1137	0.6	17	42	0.5	M4-1
42	71191	74965	8559453	8484488	71941	750	0.8	2	42	0.01	M4-1
42	71739	74965	8559453	8484488	72866	1127	0.8	2	42	0.05	M4-1
42	70149	74965	8559453	8484488	71155	1006	0.8	2	42	0.1	M4-1
42	71100	74965	8559453	8484488	72226	1126	0.8	2	42	0.5	M4-1
42	27333	28588	10010575	9981987	27484	151	0.9	2	42	0.01	M2-1
42	73344	74965	8559453	8484488	74450	1106	0.9	2	42	0.01	M4-1
42	155902	168038	24440536	24272498	156320	418	0.9	2	42	0.01	M5-1
42	26552	28588	10010575	9981987	26720	168	0.9	2	42	0.05	M2-1
42	60101	74965	8559453	8484488	61107	1006	0.9	2	42	0.05	M4-1
42	155902	168038	24440536	24272498	156320	418	0.9	2	42	0.05	M5-1
42	27472	28588	10010575	9981987	27625	153	0.9	2	42	0.1	M2-1
42	62704	74965	8559453	8484488	63452	748	0.9	2	42	0.1	M4-1
42	153830	168038	24440536	24272498	154246	416	0.9	2	42	0.1	M5-1
42	27639	28588	10010575	9981987	27948	309	0.9	2	42	0.5	M2-1
42	67022	74965	8559453	8484488	68126	1104	0.9	2	42	0.5	M4-1
42	136471	168038	24440536	24272498	136879	408	0.9	2	42	0.5	M5-1
42	28532	28588	10010575	9981987	28771	239	0.6	20	42	0.01	M2-1
42	28514	28588	10010575	9981987	28756	242	0.6	20	42	0.05	M2-1
42	28472	28588	10010575	9981987	28728	256	0.6	20	42	0.1	M2-1
42	28486	28588	10010575	9981987	28725	239	0.6	20	42	0.5	M2-1
42	165622	168038	24440536	24272498	166002	380	0.6	21	42	0.01	M5-1
42	164264	168038	24440536	24272498	164642	378	0.6	21	42	0.05	M5-1
42	165550	168038	24440536	24272498	165936	386	0.6	21	42	0.1	M5-1
42	165925	168038	24440536	24272498	166040	115	0.6	21	42	0.5	M5-1
42	27056	28588	10010575	9981987	27227	171	0.8	3	42	0.01	M2-1
42	154717	168038	24440536	24272498	155120	403	0.8	3	42	0.01	M5-1
42	26458	28588	10010575	9981987	26649	191	0.8	3	42	0.05	M2-1
42	151801	168038	24440536	24272498	152189	388	0.8	3	42	0.05	M5-1
42	27495	28588	10010575	9981987	27668	173	0.8	3	42	0.1	M2-1
42	149392	168038	24440536	24272498	149810	418	0.8	3	42	0.1	M5-1
42	27472	28588	10010575	9981987	27641	169	0.8	3	42	0.5	M2-1
42	153023	168038	24440536	24272498	153440	417	0.8	3	42	0.5	M5-1
42	66000	74965	8559453	8484488	66991	991	0.7	6	42	0.01	M4-1
42	129324	168038	24440536	24272498	129660	336	0.7	6	42	0.01	M5-1
42	64097	74965	8559453	8484488	65137	1040	0.7	6	42	0.05	M4-1
42	153458	168038	24440536	24272498	153803	345	0.7	6	42	0.05	M5-1
42	64497	74965	8559453	8484488	65457	960	0.7	6	42	0.1	M4-1
42	148317	168038	24440536	24272498	148354	37	0.7	6	42	0.1	M5-1
42	70377	74965	8559453	8484488	71430	1053	0.7	6	42	0.5	M4-1
42	156712	168038	24440536	24272498	157042	330	0.7	6	42	0.5	M5-1
42	45743	74965	8559453	8484488	46882	1139	0.5	63	42	0.01	M4-1
42	63865	74965	8559453	8484488	65004	1139	0.5	63	42	0.05	M4-1
42	63879	74965	8559453	8484488	65018	1139	0.5	63	42	0.1	M4-1
42	74305	74965	8559453	8484488	75444	1139	0.5	63	42	0.5	M4-1
42	26912	28588	10010575	9981987	27071	159	0.7	7	42	0.01	M2-1
42	27295	28588	10010575	9981987	27422	127	0.7	7	42	0.05	M2-1
42	27501	28588	10010575	9981987	27635	134	0.7	7	42	0.1	M2-1
42	27150	28588	10010575	9981987	27252	102	0.7	7	42	0.5	M2-1
42	142462	168038	24440536	24272498	142848	386	0.5	80	42	0.01	M5-1
42	167679	168038	24440536	24272498	168062	383	0.5	80	42	0.05	M5-1
42	167239	168038	24440536	24272498	167413	174	0.5	80	42	0.1	M5-1
42	167660	168038	24440536	24272498	168058	398	0.5	80	42	0.5	M5-1
42	28561	28588	10010575	9981987	28810	249	0.5	85	42	0.01	M2-1
42	28551	28588	10010575	9981987	28786	235	0.5	85	42	0.05	M2-1
42	28551	28588	10010575	9981987	28776	225	0.5	85	42	0.1	M2-1
42	28567	28588	10010575	9981987	28870	303	0.5	85	42	0.5	M2-1
45	47527	56285	3736011	3679726	47528	1	0.6	11	45	0.01	M3-1
45	47132	56285	3736011	3679726	47133	1	0.6	11	45	0.05	M3-1
45	47620	56285	3736011	3679726	47621	1	0.6	11	45	0.1	M3-1
45	53125	56285	3736011	3679726	53126	1	0.6	11	45	0.5	M3-1
45	189328	190901	46527481	46336580	189570	242	0.5	112	45	0.01	M5-1
45	189703	190901	46527481	46336580	189951	248	0.5	112	45	0.05	M5-1
45	189696	190901	46527481	46336580	189954	258	0.5	112	45	0.1	M5-1
45	189861	190901	46527481	46336580	190109	248	0.5	112	45	0.5	M5-1
45	15398	15621	16522626	16507005	15650	252	0.5	123	45	0.01	M2-1
45	15419	15621	16522626	16507005	15674	255	0.5	123	45	0.05	M2-1
45	15419	15621	16522626	16507005	15674	255	0.5	123	45	0.1	M2-1
45	15442	15621	16522626	16507005	15716	274	0.5	123	45	0.5	M2-1
45	268798	274902	18638565	18363663	268819	21	0.6	15	45	0.01	M4-1
45	272143	274902	18638565	18363663	272164	21	0.6	15	45	0.05	M4-1
45	270873	274902	18638565	18363663	270894	21	0.6	15	45	0.1	M4-1
45	266514	274902	18638565	18363663	266535	21	0.6	15	45	0.5	M4-1
45	14903	15621	16522626	16507005	15178	275	0.6	19	45	0.01	M2-1
45	188472	190901	46527481	46336580	188617	145	0.6	19	45	0.01	M5-1
45	15047	15621	16522626	16507005	15322	275	0.6	19	45	0.05	M2-1
45	182222	190901	46527481	46336580	182410	188	0.6	19	45	0.05	M5-1
45	14980	15621	16522626	16507005	15257	277	0.6	19	45	0.1	M2-1
45	183019	190901	46527481	46336580	183273	254	0.6	19	45	0.1	M5-1
45	14838	15621	16522626	16507005	15079	241	0.6	19	45	0.5	M2-1
45	181392	190901	46527481	46336580	181571	179	0.6	19	45	0.5	M5-1
45	14503	15621	16522626	16507005	14715	212	0.8	2	45	0.01	M2-1
45	50944	56285	3736011	3679726	50947	3	0.8	2	45	0.01	M3-1
45	268414	274902	18638565	18363663	268435	21	0.8	2	45	0.01	M4-1
45	175765	190901	46527481	46336580	175953	188	0.8	2	45	0.01	M5-1
45	13963	15621	16522626	16507005	14238	275	0.8	2	45	0.05	M2-1
45	52235	56285	3736011	3679726	52238	3	0.8	2	45	0.05	M3-1
45	260766	274902	18638565	18363663	260787	21	0.8	2	45	0.05	M4-1
45	176122	190901	46527481	46336580	176320	198	0.8	2	45	0.05	M5-1
45	14503	15621	16522626	16507005	14715	212	0.8	2	45	0.1	M2-1
45	52537	56285	3736011	3679726	52540	3	0.8	2	45	0.1	M3-1
45	266263	274902	18638565	18363663	266284	21	0.8	2	45	0.1	M4-1
45	170977	190901	46527481	46336580	171167	190	0.8	2	45	0.1	M5-1
45	14233	15621	16522626	16507005	14442	209	0.8	2	45	0.5	M2-1
45	52589	56285	3736011	3679726	52592	3	0.8	2	45	0.5	M3-1
45	260853	274902	18638565	18363663	260874	21	0.8	2	45	0.5	M4-1
45	176909	190901	46527481	46336580	177102	193	0.8	2	45	0.5	M5-1
45	259786	274902	18638565	18363663	259803	17	0.9	2	45	0.01	M4-1
45	264577	274902	18638565	18363663	264594	17	0.9	2	45	0.05	M4-1
45	256112	274902	18638565	18363663	256133	21	0.9	2	45	0.1	M4-1
45	266505	274902	18638565	18363663	266522	17	0.9	2	45	0.5	M4-1
45	48396	56285	3736011	3679726	48397	1	0.7	4	45	0.01	M3-1
45	45220	56285	3736011	3679726	45220	0	0.7	4	45	0.05	M3-1
45	45930	56285	3736011	3679726	45931	1	0.7	4	45	0.1	M3-1
45	45169	56285	3736011	3679726	45170	1	0.7	4	45	0.5	M3-1
45	266739	274902	18638565	18363663	266757	18	0.7	5	45	0.01	M4-1
45	257840	274902	18638565	18363663	257856	16	0.7	5	45	0.05	M4-1
45	243852	274902	18638565	18363663	243871	19	0.7	5	45	0.1	M4-1
45	253090	274902	18638565	18363663	253104	14	0.7	5	45	0.5	M4-1
45	54340	56285	3736011	3679726	54343	3	0.5	50	45	0.01	M3-1
45	54357	56285	3736011	3679726	54360	3	0.5	50	45	0.05	M3-1
45	54471	56285	3736011	3679726	54474	3	0.5	50	45	0.1	M3-1
45	54792	56285	3736011	3679726	54795	3	0.5	50	45	0.5	M3-1
45	13427	15621	16522626	16507005	13588	161	0.7	6	45	0.01	M2-1
45	13256	15621	16522626	16507005	13422	166	0.7	6	45	0.05	M2-1
45	13111	15621	16522626	16507005	13254	143	0.7	6	45	0.1	M2-1
45	13514	15621	16522626	16507005	13659	145	0.7	6	45	0.5	M2-1
45	267709	274902	18638565	18363663	267728	19	0.5	76	45	0.01	M4-1
45	273323	274902	18638565	18363663	273344	21	0.5	76	45	0.05	M4-1
45	274761	274902	18638565	18363663	274780	19	0.5	76	45	0.1	M4-1
45	274750	274902	18638565	18363663	274771	21	0.5	76	45	0.5	M4-1
45	174914	190901	46527481	46336580	175076	162	0.7	8	45	0.01	M5-1
45	160222	190901	46527481	46336580	160381	159	0.7	8	45	0.05	M5-1
45	173482	190901	46527481	46336580	173591	109	0.7	8	45	0.1	M5-1
45	171936	190901	46527481	46336580	172090	154	0.7	8	45	0.5	M5-1
48	24251	32345	24398605	24366260	24407	156	0.5	107	48	0.01	M2-1
48	32171	32345	24398605	24366260	32334	163	0.5	107	48	0.05	M2-1
48	32171	32345	24398605	24366260	32334	163	0.5	107	48	0.1	M2-1
48	32169	32345	24398605	24366260	32337	168	0.5	107	48	0.5	M2-1
48	369544	430088	84142878	83712790	370031	487	0.5	111	48	0.01	M5-1
48	401759	430088	84142878	83712790	402248	489	0.5	111	48	0.05	M5-1
48	401376	430088	84142878	83712790	401873	497	0.5	111	48	0.1	M5-1
48	425431	430088	84142878	83712790	425928	497	0.5	111	48	0.5	M5-1
48	495676	728177	10776403	10048226	495686	10	0.6	17	48	0.01	M3-1
48	727751	728177	10776403	10048226	727761	10	0.6	17	48	0.05	M3-1
48	727367	728177	10776403	10048226	727377	10	0.6	17	48	0.1	M3-1
48	727753	728177	10776403	10048226	727763	10	0.6	17	48	0.5	M3-1
48	31103	32345	24398605	24366260	31279	176	0.8	2	48	0.01	M2-1
48	726416	728177	10776403	10048226	726426	10	0.8	2	48	0.01	M3-1
48	175538	212334	24981846	24769512	175787	249	0.8	2	48	0.01	M4-1
48	31878	32345	24398605	24366260	32022	144	0.8	2	48	0.05	M2-1
48	726299	728177	10776403	10048226	726309	10	0.8	2	48	0.05	M3-1
48	144388	212334	24981846	24769512	144641	253	0.8	2	48	0.05	M4-1
48	25246	32345	24398605	24366260	25416	170	0.8	2	48	0.1	M2-1
48	724517	728177	10776403	10048226	724527	10	0.8	2	48	0.1	M3-1
48	144956	212334	24981846	24769512	145354	398	0.8	2	48	0.1	M4-1
48	31681	32345	24398605	24366260	31858	177	0.8	2	48	0.5	M2-1
48	726089	728177	10776403	10048226	726099	10	0.8	2	48	0.5	M3-1
48	169311	212334	24981846	24769512	169525	214	0.8	2	48	0.5	M4-1
48	199997	212334	24981846	24769512	200258	261	0.9	2	48	0.01	M4-1
48	374881	430088	84142878	83712790	375390	509	0.9	2	48	0.01	M5-1
48	147951	212334	24981846	24769512	148341	390	0.9	2	48	0.05	M4-1
48	390279	430088	84142878	83712790	390791	512	0.9	2	48	0.05	M5-1
48	144388	212334	24981846	24769512	144641	253	0.9	2	48	0.1	M4-1
48	377893	430088	84142878	83712790	378360	467	0.9	2	48	0.1	M5-1
48	201869	212334	24981846	24769512	202246	377	0.9	2	48	0.5	M4-1
48	375223	430088	84142878	83712790	375690	467	0.9	2	48	0.5	M5-1
48	206016	212334	24981846	24769512	206424	408	0.6	22	48	0.01	M4-1
48	210654	212334	24981846	24769512	211062	408	0.6	22	48	0.05	M4-1
48	210776	212334	24981846	24769512	211183	407	0.6	22	48	0.1	M4-1
48	210917	212334	24981846	24769512	211324	407	0.6	22	48	0.5	M4-1
48	32126	32345	24398605	24366260	32299	173	0.6	26	48	0.01	M2-1
48	32143	32345	24398605	24366260	32340	197	0.6	26	48	0.05	M2-1
48	32129	32345	24398605	24366260	32319	190	0.6	26	48	0.1	M2-1
48	32137	32345	24398605	24366260	32345	208	0.6	26	48	0.5	M2-1
48	422204	430088	84142878	83712790	422707	503	0.6	29	48	0.01	M5-1
48	422425	430088	84142878	83712790	422896	471	0.6	29	48	0.05	M5-1
48	421635	430088	84142878	83712790	422134	499	0.6	29	48	0.1	M5-1
48	424076	430088	84142878	83712790	424571	495	0.6	29	48	0.5	M5-1
48	388198	430088	84142878	83712790	388703	505	0.8	3	48	0.01	M5-1
48	380814	430088	84142878	83712790	381327	513	0.8	3	48	0.05	M5-1
48	394275	430088	84142878	83712790	394804	529	0.8	3	48	0.1	M5-1
48	388546	430088	84142878	83712790	389064	518	0.8	3	48	0.5	M5-1
48	724163	728177	10776403	10048226	724171	8	0.7	5	48	0.01	M3-1
48	167976	212334	24981846	24769512	168349	373	0.7	5	48	0.01	M4-1
48	723881	728177	10776403	10048226	723891	10	0.7	5	48	0.05	M3-1
48	188591	212334	24981846	24769512	188926	335	0.7	5	48	0.05	M4-1
48	718440	728177	10776403	10048226	718450	10	0.7	5	48	0.1	M3-1
48	155329	212334	24981846	24769512	155715	386	0.7	5	48	0.1	M4-1
48	726656	728177	10776403	10048226	726662	6	0.7	5	48	0.5	M3-1
48	195793	212334	24981846	24769512	196064	271	0.7	5	48	0.5	M4-1
48	465119	728177	10776403	10048226	465129	10	0.5	55	48	0.01	M3-1
48	479695	728177	10776403	10048226	479705	10	0.5	55	48	0.05	M3-1
48	496669	728177	10776403	10048226	496679	10	0.5	55	48	0.1	M3-1
48	728014	728177	10776403	10048226	728024	10	0.5	55	48	0.5	M3-1
48	29833	32345	24398605	24366260	29935	102	0.7	6	48	0.01	M2-1
48	27994	32345	24398605	24366260	28107	113	0.7	6	48	0.05	M2-1
48	26870	32345	24398605	24366260	26971	101	0.7	6	48	0.1	M2-1
48	29292	32345	24398605	24366260	29421	129	0.7	6	48	0.5	M2-1
48	405867	430088	84142878	83712790	406317	450	0.7	8	48	0.01	M5-1
48	385109	430088	84142878	83712790	385598	489	0.7	8	48	0.05	M5-1
48	395154	430088	84142878	83712790	395571	417	0.7	8	48	0.1	M5-1
48	408263	430088	84142878	83712790	408768	505	0.7	8	48	0.5	M5-1
48	155208	212334	24981846	24769512	155616	408	0.5	80	48	0.01	M4-1
48	184699	212334	24981846	24769512	185107	408	0.5	80	48	0.05	M4-1
48	180102	212334	24981846	24769512	180510	408	0.5	80	48	0.1	M4-1
48	211052	212334	24981846	24769512	211460	408	0.5	80	48	0.5	M4-1
51	251763	283513	65259600	64976087	253577	1814	0.5	134	51	0.01	M5-1
51	249630	283513	65259600	64976087	251448	1818	0.5	134	51	0.05	M5-1
51	278656	283513	65259600	64976087	280486	1830	0.5	134	51	0.1	M5-1
51	279115	283513	65259600	64976087	280933	1818	0.5	134	51	0.5	M5-1
51	14002	14167	23988201	23974034	14194	192	0.5	148	51	0.01	M2-1
51	14010	14167	23988201	23974034	14255	245	0.5	148	51	0.05	M2-1
51	14025	14167	23988201	23974034	14270	245	0.5	148	51	0.1	M2-1
51	13999	14167	23988201	23974034	14263	264	0.5	148	51	0.5	M2-1
51	441167	443478	10131751	9688273	441174	7	0.6	17	51	0.01	M3-1
51	441109	443478	10131751	9688273	441116	7	0.6	17	51	0.05	M3-1
51	441174	443478	10131751	9688273	441181	7	0.6	17	51	0.1	M3-1
51	439964	443478	10131751	9688273	439968	4	0.6	17	51	0.5	M3-1
51	438334	443478	10131751	9688273	438341	7	0.8	2	51	0.01	M3-1
51	264213	270020	34283340	34013320	264350	137	0.8	2	51	0.01	M4-1
51	439680	443478	10131751	9688273	439687	7	0.8	2	51	0.05	M3-1
51	262035	270020	34283340	34013320	262184	149	0.8	2	51	0.05	M4-1
51	436451	443478	10131751	9688273	436458	7	0.8	2	51	0.1	M3-1
51	264600	270020	34283340	34013320	264744	144	0.8	2	51	0.1	M4-1
51	439801	443478	10131751	9688273	439808	7	0.8	2	51	0.5	M3-1
51	265951	270020	34283340	34013320	266097	146	0.8	2	51	0.5	M4-1
51	11633	14167	23988201	23974034	12011	378	0.9	2	51	0.01	M2-1
51	268959	283513	65259600	64976087	270728	1769	0.9	2	51	0.01	M5-1
51	12047	14167	23988201	23974034	12497	450	0.9	2	51	0.05	M2-1
51	253836	283513	65259600	64976087	255442	1606	0.9	2	51	0.05	M5-1
51	11898	14167	23988201	23974034	12233	335	0.9	2	51	0.1	M2-1
51	268959	283513	65259600	64976087	270728	1769	0.9	2	51	0.1	M5-1
51	12716	14167	23988201	23974034	13229	513	0.9	2	51	0.5	M2-1
51	259773	283513	65259600	64976087	261591	1818	0.9	2	51	0.5	M5-1
51	260883	270020	34283340	34013320	260899	16	0.6	21	51	0.01	M4-1
51	260947	270020	34283340	34013320	261083	136	0.6	21	51	0.05	M4-1
51	267613	270020	34283340	34013320	267747	134	0.6	21	51	0.1	M4-1
51	268213	270020	34283340	34013320	268345	132	0.6	21	51	0.5	M4-1
51	13957	14167	23988201	23974034	14218	261	0.6	28	51	0.01	M2-1
51	13944	14167	23988201	23974034	14191	247	0.6	28	51	0.05	M2-1
51	13978	14167	23988201	23974034	14266	288	0.6	28	51	0.1	M2-1
51	13967	14167	23988201	23974034	14271	304	0.6	28	51	0.5	M2-1
51	279981	283513	65259600	64976087	281811	1830	0.6	29	51	0.01	M5-1
51	279753	283513	65259600	64976087	281583	1830	0.6	29	51	0.05	M5-1
51	280347	283513	65259600	64976087	282173	1826	0.6	29	51	0.1	M5-1
51	280272	283513	65259600	64976087	282047	1775	0.6	29	51	0.5	M5-1
51	13362	14167	23988201	23974034	13647	285	0.8	3	51	0.01	M2-1
51	254459	283513	65259600	64976087	256052	1593	0.8	3	51	0.01	M5-1
51	12971	14167	23988201	23974034	13309	338	0.8	3	51	0.05	M2-1
51	255878	283513	65259600	64976087	257474	1596	0.8	3	51	0.05	M5-1
51	12992	14167	23988201	23974034	13255	263	0.8	3	51	0.1	M2-1
51	242404	283513	65259600	64976087	244156	1752	0.8	3	51	0.1	M5-1
51	12008	14167	23988201	23974034	12272	264	0.8	3	51	0.5	M2-1
51	259591	283513	65259600	64976087	261399	1808	0.8	3	51	0.5	M5-1
51	434588	443478	10131751	9688273	434595	7	0.7	4	51	0.01	M3-1
51	411467	443478	10131751	9688273	411473	6	0.7	4	51	0.05	M3-1
51	393766	443478	10131751	9688273	393767	1	0.7	4	51	0.1	M3-1
51	429780	443478	10131751	9688273	429781	1	0.7	4	51	0.5	M3-1
51	262770	270020	34283340	34013320	262904	134	0.7	6	51	0.01	M4-1
51	249803	270020	34283340	34013320	249939	136	0.7	6	51	0.05	M4-1
51	257513	270020	34283340	34013320	257646	133	0.7	6	51	0.1	M4-1
51	255839	270020	34283340	34013320	255975	136	0.7	6	51	0.5	M4-1
51	435102	443478	10131751	9688273	435109	7	0.5	66	51	0.01	M3-1
51	435083	443478	10131751	9688273	435090	7	0.5	66	51	0.05	M3-1
51	443267	443478	10131751	9688273	443274	7	0.5	66	51	0.1	M3-1
51	443288	443478	10131751	9688273	443295	7	0.5	66	51	0.5	M3-1
51	13656	14167	23988201	23974034	13940	284	0.7	7	51	0.01	M2-1
51	265812	283513	65259600	64976087	267558	1746	0.7	7	51	0.01	M5-1
51	13534	14167	23988201	23974034	13881	347	0.7	7	51	0.05	M2-1
51	267829	283513	65259600	64976087	267860	31	0.7	7	51	0.05	M5-1
51	12832	14167	23988201	23974034	13072	240	0.7	7	51	0.1	M2-1
51	262235	283513	65259600	64976087	263976	1741	0.7	7	51	0.1	M5-1
51	13347	14167	23988201	23974034	13643	296	0.7	7	51	0.5	M2-1
51	266382	283513	65259600	64976087	268094	1712	0.7	7	51	0.5	M5-1
51	259599	270020	34283340	34013320	259734	135	0.5	98	51	0.01	M4-1
51	267975	270020	34283340	34013320	267995	20	0.5	98	51	0.05	M4-1
51	267593	270020	34283340	34013320	267619	26	0.5	98	51	0.1	M4-1
51	267974	270020	34283340	34013320	267992	18	0.5	98	51	0.5	M4-1
54	34078	34863	24217320	24182457	34193	115	0.5	127	54	0.01	M2-1
54	34054	34863	24217320	24182457	34170	116	0.5	127	54	0.05	M2-1
54	34032	34863	24217320	24182457	34144	112	0.5	127	54	0.1	M2-1
54	34036	34863	24217320	24182457	34150	114	0.5	127	54	0.5	M2-1
54	280014	394658	62826445	62431787	280131	117	0.5	129	54	0.01	M5-1
54	268952	394658	62826445	62431787	269069	117	0.5	129	54	0.05	M5-1
54	265523	394658	62826445	62431787	265640	117	0.5	129	54	0.1	M5-1
54	393148	394658	62826445	62431787	393265	117	0.5	129	54	0.5	M5-1
54	101548	102378	5519503	5417125	101552	4	0.6	14	54	0.01	M3-1
54	101546	102378	5519503	5417125	101550	4	0.6	14	54	0.05	M3-1
54	101520	102378	5519503	5417125	101524	4	0.6	14	54	0.1	M3-1
54	101705	102378	5519503	5417125	101709	4	0.6	14	54	0.5	M3-1
54	31142	34863	24217320	24182457	31248	106	0.8	2	54	0.01	M2-1
54	101287	102378	5519503	5417125	101291	4	0.8	2	54	0.01	M3-1
54	236648	257003	26335653	26078650	236666	18	0.8	2	54	0.01	M4-1
54	320979	394658	62826445	62431787	321094	115	0.8	2	54	0.01	M5-1
54	31274	34863	24217320	24182457	31384	110	0.8	2	54	0.05	M2-1
54	99116	102378	5519503	5417125	99120	4	0.8	2	54	0.05	M3-1
54	202717	257003	26335653	26078650	202735	18	0.8	2	54	0.05	M4-1
54	264387	394658	62826445	62431787	264504	117	0.8	2	54	0.05	M5-1
54	31275	34863	24217320	24182457	31384	109	0.8	2	54	0.1	M2-1
54	99182	102378	5519503	5417125	99186	4	0.8	2	54	0.1	M3-1
54	202750	257003	26335653	26078650	202768	18	0.8	2	54	0.1	M4-1
54	316332	394658	62826445	62431787	316449	117	0.8	2	54	0.1	M5-1
54	32197	34863	24217320	24182457	32310	113	0.8	2	54	0.5	M2-1
54	101882	102378	5519503	5417125	101886	4	0.8	2	54	0.5	M3-1
54	221489	257003	26335653	26078650	221506	17	0.8	2	54	0.5	M4-1
54	352974	394658	62826445	62431787	353089	115	0.8	2	54	0.5	M5-1
54	32491	34863	24217320	24182457	32580	89	0.9	2	54	0.01	M2-1
54	343910	394658	62826445	62431787	344021	111	0.9	2	54	0.01	M5-1
54	31008	34863	24217320	24182457	31095	87	0.9	2	54	0.05	M2-1
54	287105	394658	62826445	62431787	287220	115	0.9	2	54	0.05	M5-1
54	27709	34863	24217320	24182457	27797	88	0.9	2	54	0.1	M2-1
54	344772	394658	62826445	62431787	344864	92	0.9	2	54	0.1	M5-1
54	32512	34863	24217320	24182457	32600	88	0.9	2	54	0.5	M2-1
54	335453	394658	62826445	62431787	335568	115	0.9	2	54	0.5	M5-1
54	248851	257003	26335653	26078650	248871	20	0.6	20	54	0.01	M4-1
54	248780	257003	26335653	26078650	248800	20	0.6	20	54	0.05	M4-1
54	249046	257003	26335653	26078650	249066	20	0.6	20	54	0.1	M4-1
54	249358	257003	26335653	26078650	249378	20	0.6	20	54	0.5	M4-1
54	33692	34863	24217320	24182457	33806	114	0.6	27	54	0.01	M2-1
54	367662	394658	62826445	62431787	367779	117	0.6	27	54	0.01	M5-1
54	33914	34863	24217320	24182457	34029	115	0.6	27	54	0.05	M2-1
54	391720	394658	62826445	62431787	391837	117	0.6	27	54	0.05	M5-1
54	33897	34863	24217320	24182457	34008	111	0.6	27	54	0.1	M2-1
54	385156	394658	62826445	62431787	385273	117	0.6	27	54	0.1	M5-1
54	33934	34863	24217320	24182457	34092	158	0.6	27	54	0.5	M2-1
54	392839	394658	62826445	62431787	392946	107	0.6	27	54	0.5	M5-1
54	100795	102378	5519503	5417125	100797	2	0.7	4	54	0.01	M3-1
54	100981	102378	5519503	5417125	100985	4	0.7	4	54	0.05	M3-1
54	100758	102378	5519503	5417125	100762	4	0.7	4	54	0.1	M3-1
54	101283	102378	5519503	5417125	101283	0	0.7	4	54	0.5	M3-1
54	102016	102378	5519503	5417125	102020	4	0.5	56	54	0.01	M3-1
54	102016	102378	5519503	5417125	102020	4	0.5	56	54	0.05	M3-1
54	102016	102378	5519503	5417125	102020	4	0.5	56	54	0.1	M3-1
54	102009	102378	5519503	5417125	102013	4	0.5	56	54	0.5	M3-1
54	245482	257003	26335653	26078650	245501	19	0.7	6	54	0.01	M4-1
54	360669	394658	62826445	62431787	360708	39	0.7	6	54	0.01	M5-1
54	244388	257003	26335653	26078650	244408	20	0.7	6	54	0.05	M4-1
54	347769	394658	62826445	62431787	347804	35	0.7	6	54	0.05	M5-1
54	245642	257003	26335653	26078650	245661	19	0.7	6	54	0.1	M4-1
54	344793	394658	62826445	62431787	344816	23	0.7	6	54	0.1	M5-1
54	245351	257003	26335653	26078650	245361	10	0.7	6	54	0.5	M4-1
54	346470	394658	62826445	62431787	346491	21	0.7	6	54	0.5	M5-1
54	33129	34863	24217320	24182457	33233	104	0.7	7	54	0.01	M2-1
54	33486	34863	24217320	24182457	33633	147	0.7	7	54	0.05	M2-1
54	33239	34863	24217320	24182457	33402	163	0.7	7	54	0.1	M2-1
54	32985	34863	24217320	24182457	33094	109	0.7	7	54	0.5	M2-1
54	205501	257003	26335653	26078650	205521	20	0.5	95	54	0.01	M4-1
54	205529	257003	26335653	26078650	205549	20	0.5	95	54	0.05	M4-1
54	249524	257003	26335653	26078650	249544	20	0.5	95	54	0.1	M4-1
54	249514	257003	26335653	26078650	249534	20	0.5	95	54	0.5	M4-1
57	91980	92998	17307786	17214788	92003	23	0.5	117	57	0.01	M4-1
57	92014	92998	17307786	17214788	92037	23	0.5	117	57	0.05	M4-1
57	90870	92998	17307786	17214788	90893	23	0.5	117	57	0.1	M4-1
57	92013	92998	17307786	17214788	92039	26	0.5	117	57	0.5	M4-1
57	395083	402140	60077241	59675101	395346	263	0.5	148	57	0.01	M5-1
57	399934	402140	60077241	59675101	400197	263	0.5	148	57	0.05	M5-1
57	399970	402140	60077241	59675101	400233	263	0.5	148	57	0.1	M5-1
57	400763	402140	60077241	59675101	401026	263	0.5	148	57	0.5	M5-1
57	28379	28771	23932821	23904050	29238	859	0.5	153	57	0.01	M2-1
57	28381	28771	23932821	23904050	29238	857	0.5	153	57	0.05	M2-1
57	28381	28771	23932821	23904050	29239	858	0.5	153	57	0.1	M2-1
57	28373	28771	23932821	23904050	29223	850	0.5	153	57	0.5	M2-1
57	98781	99788	4837605	4737817	99072	291	0.6	16	57	0.01	M3-1
57	99036	99788	4837605	4737817	99327	291	0.6	16	57	0.05	M3-1
57	99024	99788	4837605	4737817	99315	291	0.6	16	57	0.1	M3-1
57	99428	99788	4837605	4737817	99719	291	0.6	16	57	0.5	M3-1
57	27896	28771	23932821	23904050	28471	575	0.8	2	57	0.01	M2-1
57	99560	99788	4837605	4737817	99851	291	0.8	2	57	0.01	M3-1
57	87857	92998	17307786	17214788	87883	26	0.8	2	57	0.01	M4-1
57	383680	402140	60077241	59675101	383932	252	0.8	2	57	0.01	M5-1
57	27694	28771	23932821	23904050	28300	606	0.8	2	57	0.05	M2-1
57	99543	99788	4837605	4737817	99834	291	0.8	2	57	0.05	M3-1
57	87857	92998	17307786	17214788	87883	26	0.8	2	57	0.05	M4-1
57	375916	402140	60077241	59675101	376181	265	0.8	2	57	0.05	M5-1
57	27831	28771	23932821	23904050	28250	419	0.8	2	57	0.1	M2-1
57	99465	99788	4837605	4737817	99754	289	0.8	2	57	0.1	M3-1
57	89936	92998	17307786	17214788	89962	26	0.8	2	57	0.1	M4-1
57	385653	402140	60077241	59675101	385918	265	0.8	2	57	0.1	M5-1
57	27808	28771	23932821	23904050	28383	575	0.8	2	57	0.5	M2-1
57	99612	99788	4837605	4737817	99903	291	0.8	2	57	0.5	M3-1
57	89695	92998	17307786	17214788	89715	20	0.8	2	57	0.5	M4-1
57	385653	402140	60077241	59675101	385918	265	0.8	2	57	0.5	M5-1
57	96732	99788	4837605	4737817	97023	291	0.9	2	57	0.01	M3-1
57	96900	99788	4837605	4737817	97191	291	0.9	2	57	0.05	M3-1
57	93451	99788	4837605	4737817	93596	145	0.9	2	57	0.1	M3-1
57	91276	99788	4837605	4737817	91421	145	0.9	2	57	0.5	M3-1
57	91927	92998	17307786	17214788	91953	26	0.6	22	57	0.01	M4-1
57	92011	92998	17307786	17214788	92037	26	0.6	22	57	0.05	M4-1
57	91972	92998	17307786	17214788	91998	26	0.6	22	57	0.1	M4-1
57	91948	92998	17307786	17214788	91964	16	0.6	22	57	0.5	M4-1
57	28418	28771	23932821	23904050	29283	865	0.6	23	57	0.01	M2-1
57	28346	28771	23932821	23904050	29208	862	0.6	23	57	0.05	M2-1
57	28355	28771	23932821	23904050	29223	868	0.6	23	57	0.1	M2-1
57	28314	28771	23932821	23904050	29174	860	0.6	23	57	0.5	M2-1
57	399772	402140	60077241	59675101	399997	225	0.6	26	57	0.01	M5-1
57	399485	402140	60077241	59675101	399748	263	0.6	26	57	0.05	M5-1
57	400414	402140	60077241	59675101	400637	223	0.6	26	57	0.1	M5-1
57	400340	402140	60077241	59675101	400562	222	0.6	26	57	0.5	M5-1
57	98162	99788	4837605	4737817	98453	291	0.7	5	57	0.01	M3-1
57	98698	99788	4837605	4737817	98989	291	0.7	5	57	0.05	M3-1
57	96602	99788	4837605	4737817	96889	287	0.7	5	57	0.1	M3-1
57	98939	99788	4837605	4737817	99230	291	0.7	5	57	0.5	M3-1
57	27233	28771	23932821	23904050	27993	760	0.7	6	57	0.01	M2-1
57	26655	28771	23932821	23904050	27416	761	0.7	6	57	0.05	M2-1
57	27493	28771	23932821	23904050	28090	597	0.7	6	57	0.1	M2-1
57	27471	28771	23932821	23904050	28280	809	0.7	6	57	0.5	M2-1
57	84774	99788	4837605	4737817	85065	291	0.5	68	57	0.01	M3-1
57	99633	99788	4837605	4737817	99924	291	0.5	68	57	0.05	M3-1
57	99633	99788	4837605	4737817	99924	291	0.5	68	57	0.1	M3-1
57	99630	99788	4837605	4737817	99921	291	0.5	68	57	0.5	M3-1
57	89771	92998	17307786	17214788	89792	21	0.7	7	57	0.01	M4-1
57	385455	402140	60077241	59675101	385688	233	0.7	7	57	0.01	M5-1
57	90091	92998	17307786	17214788	90108	17	0.7	7	57	0.05	M4-1
57	385725	402140	60077241	59675101	385765	40	0.7	7	57	0.05	M5-1
57	90102	92998	17307786	17214788	90119	17	0.7	7	57	0.1	M4-1
57	383009	402140	60077241	59675101	383102	93	0.7	7	57	0.1	M5-1
57	90250	92998	17307786	17214788	90270	20	0.7	7	57	0.5	M4-1
57	387637	402140	60077241	59675101	387719	82	0.7	7	57	0.5	M5-1
60	138741	141584	42878430	42736846	139061	320	0.5	124	60	0.01	M5-1
60	139002	141584	42878430	42736846	139322	320	0.5	124	60	0.05	M5-1
60	139002	141584	42878430	42736846	139322	320	0.5	124	60	0.1	M5-1
60	138985	141584	42878430	42736846	139305	320	0.5	124	60	0.5	M5-1
60	220892	221616	3573801	3352185	220892	0	0.6	13	60	0.01	M3-1
60	220790	221616	3573801	3352185	220829	39	0.6	13	60	0.05	M3-1
60	221497	221616	3573801	3352185	221497	0	0.6	13	60	0.1	M3-1
60	220906	221616	3573801	3352185	220945	39	0.6	13	60	0.5	M3-1
60	13997	14059	16869336	16855277	14085	88	0.5	130	60	0.01	M2-1
60	13995	14059	16869336	16855277	14083	88	0.5	130	60	0.05	M2-1
60	13997	14059	16869336	16855277	14085	88	0.5	130	60	0.1	M2-1
60	13993	14059	16869336	16855277	14085	92	0.5	130	60	0.5	M2-1
60	172712	174264	15354111	15179847	172713	1	0.6	17	60	0.01	M4-1
60	172434	174264	15354111	15179847	172435	1	0.6	17	60	0.05	M4-1
60	172771	174264	15354111	15179847	172772	1	0.6	17	60	0.1	M4-1
60	172821	174264	15354111	15179847	172822	1	0.6	17	60	0.5	M4-1
60	13754	14059	16869336	16855277	13822	68	0.8	2	60	0.01	M2-1
60	221395	221616	3573801	3352185	221434	39	0.8	2	60	0.01	M3-1
60	170757	174264	15354111	15179847	170758	1	0.8	2	60	0.01	M4-1
60	126033	141584	42878430	42736846	126749	716	0.8	2	60	0.01	M5-1
60	13830	14059	16869336	16855277	13920	90	0.8	2	60	0.05	M2-1
60	221105	221616	3573801	3352185	221144	39	0.8	2	60	0.05	M3-1
60	166976	174264	15354111	15179847	166977	1	0.8	2	60	0.05	M4-1
60	126196	141584	42878430	42736846	126894	698	0.8	2	60	0.05	M5-1
60	13815	14059	16869336	16855277	13905	90	0.8	2	60	0.1	M2-1
60	216723	221616	3573801	3352185	216762	39	0.8	2	60	0.1	M3-1
60	163858	174264	15354111	15179847	163859	1	0.8	2	60	0.1	M4-1
60	127332	141584	42878430	42736846	128202	870	0.8	2	60	0.1	M5-1
60	13742	14059	16869336	16855277	13814	72	0.8	2	60	0.5	M2-1
60	221437	221616	3573801	3352185	221476	39	0.8	2	60	0.5	M3-1
60	168970	174264	15354111	15179847	168971	1	0.8	2	60	0.5	M4-1
60	129898	141584	42878430	42736846	130624	726	0.8	2	60	0.5	M5-1
60	138236	141584	42878430	42736846	138556	320	0.6	21	60	0.01	M5-1
60	138330	141584	42878430	42736846	138618	288	0.6	21	60	0.05	M5-1
60	138268	141584	42878430	42736846	138556	288	0.6	21	60	0.1	M5-1
60	138715	141584	42878430	42736846	139023	308	0.6	21	60	0.5	M5-1
60	13735	14059	16869336	16855277	13824	89	0.6	24	60	0.01	M2-1
60	13804	14059	16869336	16855277	13892	88	0.6	24	60	0.05	M2-1
60	13972	14059	16869336	16855277	14061	89	0.6	24	60	0.1	M2-1
60	13941	14059	16869336	16855277	14021	80	0.6	24	60	0.5	M2-1
60	217304	221616	3573801	3352185	217343	39	0.7	4	60	0.01	M3-1
60	220043	221616	3573801	3352185	220046	3	0.7	4	60	0.05	M3-1
60	207212	221616	3573801	3352185	207251	39	0.7	4	60	0.1	M3-1
60	220414	221616	3573801	3352185	220453	39	0.7	4	60	0.5	M3-1
60	162651	174264	15354111	15179847	162652	1	0.7	5	60	0.01	M4-1
60	117906	141584	42878430	42736846	118161	255	0.7	5	60	0.01	M5-1
60	160439	174264	15354111	15179847	160440	1	0.7	5	60	0.05	M4-1
60	114046	141584	42878430	42736846	114642	596	0.7	5	60	0.05	M5-1
60	160769	174264	15354111	15179847	160770	1	0.7	5	60	0.1	M4-1
60	110199	141584	42878430	42736846	110471	272	0.7	5	60	0.1	M5-1
60	162113	174264	15354111	15179847	162113	0	0.7	5	60	0.5	M4-1
60	117374	141584	42878430	42736846	117655	281	0.7	5	60	0.5	M5-1
60	221501	221616	3573801	3352185	221501	0	0.5	59	60	0.01	M3-1
60	221501	221616	3573801	3352185	221501	0	0.5	59	60	0.05	M3-1
60	221501	221616	3573801	3352185	221540	39	0.5	59	60	0.1	M3-1
60	221501	221616	3573801	3352185	221501	0	0.5	59	60	0.5	M3-1
60	12676	14059	16869336	16855277	12757	81	0.7	6	60	0.01	M2-1
60	13234	14059	16869336	16855277	13306	72	0.7	6	60	0.05	M2-1
60	12149	14059	16869336	16855277	12204	55	0.7	6	60	0.1	M2-1
60	13078	14059	16869336	16855277	13135	57	0.7	6	60	0.5	M2-1
60	115277	174264	15354111	15179847	115278	1	0.5	96	60	0.01	M4-1
60	172916	174264	15354111	15179847	172917	1	0.5	96	60	0.05	M4-1
60	172916	174264	15354111	15179847	172917	1	0.5	96	60	0.1	M4-1
60	172910	174264	15354111	15179847	172911	1	0.5	96	60	0.5	M4-1
63	77362	90130	11987856	11897726	77416	54	0.5	103	63	0.01	M4-1
63	89442	90130	11987856	11897726	89496	54	0.5	103	63	0.05	M4-1
63	89438	90130	11987856	11897726	89492	54	0.5	103	63	0.1	M4-1
63	89460	90130	11987856	11897726	89514	54	0.5	103	63	0.5	M4-1
63	257637	283443	33020001	32736558	257700	63	0.5	144	63	0.01	M5-1
63	277219	283443	33020001	32736558	277282	63	0.5	144	63	0.05	M5-1
63	282623	283443	33020001	32736558	282686	63	0.5	144	63	0.1	M5-1
63	282518	283443	33020001	32736558	282581	63	0.5	144	63	0.5	M5-1
63	19819	19873	11608971	11589098	19901	82	0.5	146	63	0.01	M2-1
63	19819	19873	11608971	11589098	19901	82	0.5	146	63	0.05	M2-1
63	19819	19873	11608971	11589098	19901	82	0.5	146	63	0.1	M2-1
63	19819	19873	11608971	11589098	19881	62	0.5	146	63	0.5	M2-1
63	574577	576491	9748320	9171829	574577	0	0.6	17	63	0.01	M3-1
63	574040	576491	9748320	9171829	574040	0	0.6	17	63	0.05	M3-1
63	574044	576491	9748320	9171829	574044	0	0.6	17	63	0.1	M3-1
63	575533	576491	9748320	9171829	575533	0	0.6	17	63	0.5	M3-1
63	574674	576491	9748320	9171829	574674	0	0.8	2	63	0.01	M3-1
63	88660	90130	11987856	11897726	88712	52	0.8	2	63	0.01	M4-1
63	270275	283443	33020001	32736558	270338	63	0.8	2	63	0.01	M5-1
63	575943	576491	9748320	9171829	575943	0	0.8	2	63	0.05	M3-1
63	86853	90130	11987856	11897726	86905	52	0.8	2	63	0.05	M4-1
63	276969	283443	33020001	32736558	277043	74	0.8	2	63	0.05	M5-1
63	562697	576491	9748320	9171829	562697	0	0.8	2	63	0.1	M3-1
63	86850	90130	11987856	11897726	86902	52	0.8	2	63	0.1	M4-1
63	274522	283443	33020001	32736558	274582	60	0.8	2	63	0.1	M5-1
63	575459	576491	9748320	9171829	575459	0	0.8	2	63	0.5	M3-1
63	88612	90130	11987856	11897726	88664	52	0.8	2	63	0.5	M4-1
63	275691	283443	33020001	32736558	275751	60	0.8	2	63	0.5	M5-1
63	19261	19873	11608971	11589098	19347	86	0.9	2	63	0.01	M2-1
63	19511	19873	11608971	11589098	19597	86	0.9	2	63	0.05	M2-1
63	19261	19873	11608971	11589098	19347	86	0.9	2	63	0.1	M2-1
63	19185	19873	11608971	11589098	19269	84	0.9	2	63	0.5	M2-1
63	89183	90130	11987856	11897726	89237	54	0.6	21	63	0.01	M4-1
63	89089	90130	11987856	11897726	89138	49	0.6	21	63	0.05	M4-1
63	89359	90130	11987856	11897726	89408	49	0.6	21	63	0.1	M4-1
63	89249	90130	11987856	11897726	89298	49	0.6	21	63	0.5	M4-1
63	19802	19873	11608971	11589098	19884	82	0.6	26	63	0.01	M2-1
63	19813	19873	11608971	11589098	19896	83	0.6	26	63	0.05	M2-1
63	19818	19873	11608971	11589098	19901	83	0.6	26	63	0.1	M2-1
63	19815	19873	11608971	11589098	19878	63	0.6	26	63	0.5	M2-1
63	19211	19873	11608971	11589098	19271	60	0.8	3	63	0.01	M2-1
63	18961	19873	11608971	11589098	19020	59	0.8	3	63	0.05	M2-1
63	18878	19873	11608971	11589098	18923	45	0.8	3	63	0.1	M2-1
63	19015	19873	11608971	11589098	19090	75	0.8	3	63	0.5	M2-1
63	282023	283443	33020001	32736558	282086	63	0.6	30	63	0.01	M5-1
63	282463	283443	33020001	32736558	282526	63	0.6	30	63	0.05	M5-1
63	282443	283443	33020001	32736558	282506	63	0.6	30	63	0.1	M5-1
63	282571	283443	33020001	32736558	282634	63	0.6	30	63	0.5	M5-1
63	561349	576491	9748320	9171829	561349	0	0.7	4	63	0.01	M3-1
63	87221	90130	11987856	11897726	87273	52	0.7	4	63	0.01	M4-1
63	537243	576491	9748320	9171829	537243	0	0.7	4	63	0.05	M3-1
63	87216	90130	11987856	11897726	87267	51	0.7	4	63	0.05	M4-1
63	549659	576491	9748320	9171829	549659	0	0.7	4	63	0.1	M3-1
63	86404	90130	11987856	11897726	86456	52	0.7	4	63	0.1	M4-1
63	541942	576491	9748320	9171829	541942	0	0.7	4	63	0.5	M3-1
63	86494	90130	11987856	11897726	86545	51	0.7	4	63	0.5	M4-1
63	19393	19873	11608971	11589098	19473	80	0.7	5	63	0.01	M2-1
63	260486	283443	33020001	32736558	260533	47	0.7	5	63	0.01	M5-1
63	19015	19873	11608971	11589098	19082	67	0.7	5	63	0.05	M2-1
63	260506	283443	33020001	32736558	260558	52	0.7	5	63	0.05	M5-1
63	19149	19873	11608971	11589098	19199	50	0.7	5	63	0.1	M2-1
63	249525	283443	33020001	32736558	249582	57	0.7	5	63	0.1	M5-1
63	19181	19873	11608971	11589098	19219	38	0.7	5	63	0.5	M2-1
63	274521	283443	33020001	32736558	274568	47	0.7	5	63	0.5	M5-1
63	388391	576491	9748320	9171829	388391	0	0.5	69	63	0.01	M3-1
63	516066	576491	9748320	9171829	516066	0	0.5	69	63	0.05	M3-1
63	576206	576491	9748320	9171829	576206	0	0.5	69	63	0.1	M3-1
63	576222	576491	9748320	9171829	576222	0	0.5	69	63	0.5	M3-1
66	127836	146922	23225520	23078598	127836	0	0.5	118	66	0.01	M5-1
66	145384	146922	23225520	23078598	145384	0	0.5	118	66	0.05	M5-1
66	145574	146922	23225520	23078598	145574	0	0.5	118	66	0.1	M5-1
66	145565	146922	23225520	23078598	145565	0	0.5	118	66	0.5	M5-1
66	30961	42563	7755891	7713328	30978	17	0.5	123	66	0.01	M2-1
66	30961	42563	7755891	7713328	30975	14	0.5	123	66	0.05	M2-1
66	42511	42563	7755891	7713328	42525	14	0.5	123	66	0.1	M2-1
66	42509	42563	7755891	7713328	42526	17	0.5	123	66	0.5	M2-1
66	42466	42563	7755891	7713328	42489	23	0.8	2	66	0.01	M2-1
66	172918	189660	8704878	8515218	172918	0	0.8	2	66	0.01	M4-1
66	135292	146922	23225520	23078598	135292	0	0.8	2	66	0.01	M5-1
66	42449	42563	7755891	7713328	42472	23	0.8	2	66	0.05	M2-1
66	158235	189660	8704878	8515218	158235	0	0.8	2	66	0.05	M4-1
66	135709	146922	23225520	23078598	135709	0	0.8	2	66	0.05	M5-1
66	42430	42563	7755891	7713328	42453	23	0.8	2	66	0.1	M2-1
66	157785	189660	8704878	8515218	157787	2	0.8	2	66	0.1	M4-1
66	124187	146922	23225520	23078598	124187	0	0.8	2	66	0.1	M5-1
66	42450	42563	7755891	7713328	42473	23	0.8	2	66	0.5	M2-1
66	158299	189660	8704878	8515218	158299	0	0.8	2	66	0.5	M4-1
66	126599	146922	23225520	23078598	126599	0	0.8	2	66	0.5	M5-1
66	188612	189660	8704878	8515218	188612	0	0.6	22	66	0.01	M4-1
66	189006	189660	8704878	8515218	189006	0	0.6	22	66	0.05	M4-1
66	188602	189660	8704878	8515218	188602	0	0.6	22	66	0.1	M4-1
66	188994	189660	8704878	8515218	188994	0	0.6	22	66	0.5	M4-1
66	42509	42563	7755891	7713328	42526	17	0.6	24	66	0.01	M2-1
66	42509	42563	7755891	7713328	42523	14	0.6	24	66	0.05	M2-1
66	42508	42563	7755891	7713328	42519	11	0.6	24	66	0.1	M2-1
66	42504	42563	7755891	7713328	42518	14	0.6	24	66	0.5	M2-1
66	145457	146922	23225520	23078598	145457	0	0.6	25	66	0.01	M5-1
66	144855	146922	23225520	23078598	144855	0	0.6	25	66	0.05	M5-1
66	144744	146922	23225520	23078598	144744	0	0.6	25	66	0.1	M5-1
66	145514	146922	23225520	23078598	145514	0	0.6	25	66	0.5	M5-1
66	42154	42563	7755891	7713328	42164	10	0.7	5	66	0.01	M2-1
66	187841	189660	8704878	8515218	187843	2	0.7	5	66	0.01	M4-1
66	124865	146922	23225520	23078598	124865	0	0.7	5	66	0.01	M5-1
66	40271	42563	7755891	7713328	40293	22	0.7	5	66	0.05	M2-1
66	188642	189660	8704878	8515218	188642	0	0.7	5	66	0.05	M4-1
66	116677	146922	23225520	23078598	116677	0	0.7	5	66	0.05	M5-1
66	40267	42563	7755891	7713328	40285	18	0.7	5	66	0.1	M2-1
66	188283	189660	8704878	8515218	188283	0	0.7	5	66	0.1	M4-1
66	114866	146922	23225520	23078598	114866	0	0.7	5	66	0.1	M5-1
66	39195	42563	7755891	7713328	39203	8	0.7	5	66	0.5	M2-1
66	188625	189660	8704878	8515218	188625	0	0.7	5	66	0.5	M4-1
66	130173	146922	23225520	23078598	130173	0	0.7	5	66	0.5	M5-1
66	146027	189660	8704878	8515218	146027	0	0.5	93	66	0.01	M4-1
66	173777	189660	8704878	8515218	173777	0	0.5	93	66	0.05	M4-1
66	189006	189660	8704878	8515218	189006	0	0.5	93	66	0.1	M4-1
66	189002	189660	8704878	8515218	189002	0	0.5	93	66	0.5	M4-1
69	99059	148774	7634278	7485504	99065	6	0.5	107	69	0.01	M4-1
69	103481	148774	7634278	7485504	103487	6	0.5	107	69	0.05	M4-1
69	102179	148774	7634278	7485504	102185	6	0.5	107	69	0.1	M4-1
69	148691	148774	7634278	7485504	148697	6	0.5	107	69	0.5	M4-1
69	164833	210783	17877210	17666427	164869	36	0.5	117	69	0.01	M5-1
69	200908	210783	17877210	17666427	200944	36	0.5	117	69	0.05	M5-1
69	209022	210783	17877210	17666427	209058	36	0.5	117	69	0.1	M5-1
69	210314	210783	17877210	17666427	210350	36	0.5	117	69	0.5	M5-1
69	2709	2772	4928230	4925458	2744	35	0.5	139	69	0.01	M2-1
69	2709	2772	4928230	4925458	2744	35	0.5	139	69	0.05	M2-1
69	2709	2772	4928230	4925458	2744	35	0.5	139	69	0.1	M2-1
69	2709	2772	4928230	4925458	2748	39	0.5	139	69	0.5	M2-1
69	235217	359725	4045590	3685865	235228	11	0.6	15	69	0.01	M3-1
69	359683	359725	4045590	3685865	359694	11	0.6	15	69	0.05	M3-1
69	359683	359725	4045590	3685865	359694	11	0.6	15	69	0.1	M3-1
69	359715	359725	4045590	3685865	359726	11	0.6	15	69	0.5	M3-1
69	106214	148774	7634278	7485504	106220	6	0.6	19	69	0.01	M4-1
69	105667	148774	7634278	7485504	105673	6	0.6	19	69	0.05	M4-1
69	145756	148774	7634278	7485504	145762	6	0.6	19	69	0.1	M4-1
69	148640	148774	7634278	7485504	148646	6	0.6	19	69	0.5	M4-1
69	2677	2772	4928230	4925458	2717	40	0.8	2	69	0.01	M2-1
69	359721	359725	4045590	3685865	359732	11	0.8	2	69	0.01	M3-1
69	148399	148774	7634278	7485504	148405	6	0.8	2	69	0.01	M4-1
69	2599	2772	4928230	4925458	2636	37	0.8	2	69	0.05	M2-1
69	359721	359725	4045590	3685865	359732	11	0.8	2	69	0.05	M3-1
69	148399	148774	7634278	7485504	148405	6	0.8	2	69	0.05	M4-1
69	2618	2772	4928230	4925458	2657	39	0.8	2	69	0.1	M2-1
69	359502	359725	4045590	3685865	359513	11	0.8	2	69	0.1	M3-1
69	144905	148774	7634278	7485504	144911	6	0.8	2	69	0.1	M4-1
69	2649	2772	4928230	4925458	2689	40	0.8	2	69	0.5	M2-1
69	359469	359725	4045590	3685865	359480	11	0.8	2	69	0.5	M3-1
69	148432	148774	7634278	7485504	148438	6	0.8	2	69	0.5	M4-1
69	209922	210783	17877210	17666427	209957	35	0.6	21	69	0.01	M5-1
69	210009	210783	17877210	17666427	210044	35	0.6	21	69	0.05	M5-1
69	210208	210783	17877210	17666427	210243	35	0.6	21	69	0.1	M5-1
69	209870	210783	17877210	17666427	209905	35	0.6	21	69	0.5	M5-1
69	2697	2772	4928230	4925458	2732	35	0.6	24	69	0.01	M2-1
69	2690	2772	4928230	4925458	2728	38	0.6	24	69	0.05	M2-1
69	2688	2772	4928230	4925458	2726	38	0.6	24	69	0.1	M2-1
69	2685	2772	4928230	4925458	2722	37	0.6	24	69	0.5	M2-1
69	204326	210783	17877210	17666427	204362	36	0.8	3	69	0.01	M5-1
69	190052	210783	17877210	17666427	190069	17	0.8	3	69	0.05	M5-1
69	189648	210783	17877210	17666427	189675	27	0.8	3	69	0.1	M5-1
69	204960	210783	17877210	17666427	204982	22	0.8	3	69	0.5	M5-1
69	2517	2772	4928230	4925458	2549	32	0.7	4	69	0.01	M2-1
69	352105	359725	4045590	3685865	352116	11	0.7	4	69	0.01	M3-1
69	2559	2772	4928230	4925458	2584	25	0.7	4	69	0.05	M2-1
69	322565	359725	4045590	3685865	322576	11	0.7	4	69	0.05	M3-1
69	2436	2772	4928230	4925458	2476	40	0.7	4	69	0.1	M2-1
69	355775	359725	4045590	3685865	355786	11	0.7	4	69	0.1	M3-1
69	2570	2772	4928230	4925458	2585	15	0.7	4	69	0.5	M2-1
69	347105	359725	4045590	3685865	347116	11	0.7	4	69	0.5	M3-1
69	137216	148774	7634278	7485504	137216	0	0.7	5	69	0.01	M4-1
69	206684	210783	17877210	17666427	206713	29	0.7	5	69	0.01	M5-1
69	137217	148774	7634278	7485504	137217	0	0.7	5	69	0.05	M4-1
69	206923	210783	17877210	17666427	206959	36	0.7	5	69	0.05	M5-1
69	132603	148774	7634278	7485504	132603	0	0.7	5	69	0.1	M4-1
69	204161	210783	17877210	17666427	204183	22	0.7	5	69	0.1	M5-1
69	138020	148774	7634278	7485504	138023	3	0.7	5	69	0.5	M4-1
69	205796	210783	17877210	17666427	205823	27	0.7	5	69	0.5	M5-1
69	160196	359725	4045590	3685865	160207	11	0.5	55	69	0.01	M3-1
69	203025	359725	4045590	3685865	203036	11	0.5	55	69	0.05	M3-1
69	235255	359725	4045590	3685865	235266	11	0.5	55	69	0.1	M3-1
69	359721	359725	4045590	3685865	359732	11	0.5	55	69	0.5	M3-1
72	185405	198785	11005086	10806301	185581	176	0.5	100	72	0.01	M5-1
72	188427	198785	11005086	10806301	188603	176	0.5	100	72	0.05	M5-1
72	197679	198785	11005086	10806301	197855	176	0.5	100	72	0.1	M5-1
72	197710	198785	11005086	10806301	197886	176	0.5	100	72	0.5	M5-1
72	2708	2716	2248260	2245544	2727	19	0.5	113	72	0.01	M2-1
72	2708	2716	2248260	2245544	2727	19	0.5	113	72	0.05	M2-1
72	2708	2716	2248260	2245544	2727	19	0.5	113	72	0.1	M2-1
72	2708	2716	2248260	2245544	2727	19	0.5	113	72	0.5	M2-1
72	745460	1449473	11493615	10044142	745461	1	0.6	17	72	0.01	M4-1
72	927463	1449473	11493615	10044142	927464	1	0.6	17	72	0.05	M4-1
72	806987	1449473	11493615	10044142	806988	1	0.6	17	72	0.1	M4-1
72	1444297	1449473	11493615	10044142	1444302	5	0.6	17	72	0.5	M4-1
72	2671	2716	2248260	2245544	2700	29	0.8	2	72	0.01	M2-1
72	1447456	1449473	11493615	10044142	1447461	5	0.8	2	72	0.01	M4-1
72	192775	198785	11005086	10806301	192858	83	0.8	2	72	0.01	M5-1
72	2655	2716	2248260	2245544	2673	18	0.8	2	72	0.05	M2-1
72	1443045	1449473	11493615	10044142	1443050	5	0.8	2	72	0.05	M4-1
72	192686	198785	11005086	10806301	192767	81	0.8	2	72	0.05	M5-1
72	2628	2716	2248260	2245544	2649	21	0.8	2	72	0.1	M2-1
72	1443811	1449473	11493615	10044142	1443812	1	0.8	2	72	0.1	M4-1
72	192257	198785	11005086	10806301	192340	83	0.8	2	72	0.1	M5-1
72	2613	2716	2248260	2245544	2631	18	0.8	2	72	0.5	M2-1
72	1447401	1449473	11493615	10044142	1447406	5	0.8	2	72	0.5	M4-1
72	192832	198785	11005086	10806301	192915	83	0.8	2	72	0.5	M5-1
72	196548	198785	11005086	10806301	196730	182	0.6	20	72	0.01	M5-1
72	193218	198785	11005086	10806301	193394	176	0.6	20	72	0.05	M5-1
72	194167	198785	11005086	10806301	194349	182	0.6	20	72	0.1	M5-1
72	197525	198785	11005086	10806301	197707	182	0.6	20	72	0.5	M5-1
72	2702	2716	2248260	2245544	2719	17	0.6	21	72	0.01	M2-1
72	2702	2716	2248260	2245544	2722	20	0.6	21	72	0.05	M2-1
72	2706	2716	2248260	2245544	2726	20	0.6	21	72	0.1	M2-1
72	2703	2716	2248260	2245544	2720	17	0.6	21	72	0.5	M2-1
72	1440058	1449473	11493615	10044142	1440059	1	0.7	4	72	0.01	M4-1
72	1431880	1449473	11493615	10044142	1431881	1	0.7	4	72	0.05	M4-1
72	1440088	1449473	11493615	10044142	1440089	1	0.7	4	72	0.1	M4-1
72	1446230	1449473	11493615	10044142	1446231	1	0.7	4	72	0.5	M4-1
72	2445	2716	2248260	2245544	2461	16	0.7	5	72	0.01	M2-1
72	192825	198785	11005086	10806301	193033	208	0.7	5	72	0.01	M5-1
72	2416	2716	2248260	2245544	2429	13	0.7	5	72	0.05	M2-1
72	193375	198785	11005086	10806301	193583	208	0.7	5	72	0.05	M5-1
72	2563	2716	2248260	2245544	2574	11	0.7	5	72	0.1	M2-1
72	192332	198785	11005086	10806301	192508	176	0.7	5	72	0.1	M5-1
72	2540	2716	2248260	2245544	2568	28	0.7	5	72	0.5	M2-1
72	193778	198785	11005086	10806301	193954	176	0.7	5	72	0.5	M5-1
72	264316	1449473	11493615	10044142	264321	5	0.5	82	72	0.01	M4-1
72	476669	1449473	11493615	10044142	476674	5	0.5	82	72	0.05	M4-1
72	478561	1449473	11493615	10044142	478566	5	0.5	82	72	0.1	M4-1
72	1448191	1449473	11493615	10044142	1448196	5	0.5	82	72	0.5	M4-1
75	49530	166303	2494261	2327958	49537	7	0.5	102	75	0.01	M2-1
75	77030	166303	2494261	2327958	77037	7	0.5	102	75	0.05	M2-1
75	103864	166303	2494261	2327958	103871	7	0.5	102	75	0.1	M2-1
75	166295	166303	2494261	2327958	166300	5	0.5	102	75	0.5	M2-1
75	166239	166303	2494261	2327958	166246	7	0.6	16	75	0.01	M2-1
75	165718	166303	2494261	2327958	165725	7	0.6	16	75	0.05	M2-1
75	166286	166303	2494261	2327958	166293	7	0.6	16	75	0.1	M2-1
75	166287	166303	2494261	2327958	166292	5	0.6	16	75	0.5	M2-1
75	26996	27401	2809635	2782234	27000	4	0.6	17	75	0.01	M5-1
75	26947	27401	2809635	2782234	26951	4	0.6	17	75	0.05	M5-1
75	27155	27401	2809635	2782234	27159	4	0.6	17	75	0.1	M5-1
75	27215	27401	2809635	2782234	27219	4	0.6	17	75	0.5	M5-1
75	166123	166303	2494261	2327958	166130	7	0.8	2	75	0.01	M2-1
75	26308	27401	2809635	2782234	26312	4	0.8	2	75	0.01	M5-1
75	166136	166303	2494261	2327958	166141	5	0.8	2	75	0.05	M2-1
75	26040	27401	2809635	2782234	26044	4	0.8	2	75	0.05	M5-1
75	165811	166303	2494261	2327958	165817	6	0.8	2	75	0.1	M2-1
75	26598	27401	2809635	2782234	26602	4	0.8	2	75	0.1	M5-1
75	166274	166303	2494261	2327958	166278	4	0.8	2	75	0.5	M2-1
75	26598	27401	2809635	2782234	26602	4	0.8	2	75	0.5	M5-1
75	166040	166303	2494261	2327958	166047	7	0.7	4	75	0.01	M2-1
75	166109	166303	2494261	2327958	166115	6	0.7	4	75	0.05	M2-1
75	165755	166303	2494261	2327958	165757	2	0.7	4	75	0.1	M2-1
75	166017	166303	2494261	2327958	166024	7	0.7	4	75	0.5	M2-1
75	26170	27401	2809635	2782234	26174	4	0.7	5	75	0.01	M5-1
75	26056	27401	2809635	2782234	26060	4	0.7	5	75	0.05	M5-1
75	26167	27401	2809635	2782234	26171	4	0.7	5	75	0.1	M5-1
75	26102	27401	2809635	2782234	26106	4	0.7	5	75	0.5	M5-1
75	24483	27401	2809635	2782234	24487	4	0.5	92	75	0.01	M5-1
75	24502	27401	2809635	2782234	24506	4	0.5	92	75	0.05	M5-1
75	24484	27401	2809635	2782234	24488	4	0.5	92	75	0.1	M5-1
75	27022	27401	2809635	2782234	27026	4	0.5	92	75	0.5	M5-1
78	57270	58159	2273778	2215619	57270	0	0.6	16	78	0.01	M5-1
78	57365	58159	2273778	2215619	57365	0	0.6	16	78	0.05	M5-1
78	57357	58159	2273778	2215619	57357	0	0.6	16	78	0.1	M5-1
78	57367	58159	2273778	2215619	57367	0	0.6	16	78	0.5	M5-1
78	48915	58159	2273778	2215619	48915	0	0.8	2	78	0.01	M5-1
78	48885	58159	2273778	2215619	48885	0	0.8	2	78	0.05	M5-1
78	48805	58159	2273778	2215619	48805	0	0.8	2	78	0.1	M5-1
78	46351	58159	2273778	2215619	46351	0	0.8	2	78	0.5	M5-1
78	56744	58159	2273778	2215619	56744	0	0.7	5	78	0.01	M5-1
78	57192	58159	2273778	2215619	57192	0	0.7	5	78	0.05	M5-1
78	56811	58159	2273778	2215619	56811	0	0.7	5	78	0.1	M5-1
78	53409	58159	2273778	2215619	53409	0	0.7	5	78	0.5	M5-1
78	39579	58159	2273778	2215619	39579	0	0.5	76	78	0.01	M5-1
78	52579	58159	2273778	2215619	52579	0	0.5	76	78	0.05	M5-1
78	52579	58159	2273778	2215619	52579	0	0.5	76	78	0.1	M5-1
78	57390	58159	2273778	2215619	57390	0	0.5	76	78	0.5	M5-1
